{
    "30.00001": {
        "time": {
            "size": 7018,
            "mean": 296.3722355371901,
            "max": 602.17,
            "min": 0.007
        },
        "id": {
            "size": 7018,
            "mean": 1.0,
            "max": 